filename,search_name,size,runtime,num_explored,num_solution
04_001.,Breadth-First Search,4,0.3537,11,5
04_002.,Breadth-First Search,4,0.0960,10,5
04_003.,Breadth-First Search,4,0.1619,13,5
04_004.,Breadth-First Search,4,0.0894,10,5
04_005.,Breadth-First Search,4,0.0616,11,5
04_006.,Breadth-First Search,4,0.0685,13,5
04_007.,Breadth-First Search,4,0.0374,10,5
04_008.,Breadth-First Search,4,0.0398,11,5
04_009.,Breadth-First Search,4,0.1327,12,5
04_010.,Breadth-First Search,4,0.0249,10,5
04_011.,Breadth-First Search,4,0.0309,11,5
04_012.,Breadth-First Search,4,0.0354,13,5
04_013.,Breadth-First Search,4,0.0276,11,5
04_014.,Breadth-First Search,4,0.0281,10,5
04_015.,Breadth-First Search,4,0.0432,13,5
04_016.,Breadth-First Search,4,0.0365,11,5
04_017.,Breadth-First Search,4,0.0423,12,5
04_018.,Breadth-First Search,4,0.0319,11,5
04_019.,Breadth-First Search,4,0.0150,6,5
04_020.,Breadth-First Search,4,0.0286,9,5
04_021.,Breadth-First Search,4,0.0390,15,5
04_022.,Breadth-First Search,4,0.0304,12,5
04_023.,Breadth-First Search,4,0.0277,11,5
04_024.,Breadth-First Search,4,0.0284,11,5
04_025.,Breadth-First Search,4,0.0776,11,5
04_026.,Breadth-First Search,4,0.0263,12,5
04_027.,Breadth-First Search,4,0.0260,12,5
04_028.,Breadth-First Search,4,0.0305,13,5
04_029.,Breadth-First Search,4,0.0411,14,5
04_030.,Breadth-First Search,4,0.0140,6,5
04_031.,Breadth-First Search,4,0.0283,9,5
04_032.,Breadth-First Search,4,0.0226,11,5
04_033.,Breadth-First Search,4,0.0225,11,5
04_034.,Breadth-First Search,4,0.0254,12,5
04_035.,Breadth-First Search,4,0.0253,12,5
04_036.,Breadth-First Search,4,0.0207,10,5
04_037.,Breadth-First Search,4,0.0215,11,5
04_038.,Breadth-First Search,4,0.0189,10,5
04_039.,Breadth-First Search,4,0.0231,11,5
04_040.,Breadth-First Search,4,0.0203,11,5
04_041.,Breadth-First Search,4,0.0198,11,5
04_042.,Breadth-First Search,4,0.0240,13,5
04_043.,Breadth-First Search,4,0.0169,9,5
04_044.,Breadth-First Search,4,0.0281,15,5
04_045.,Breadth-First Search,4,0.0252,14,5
04_046.,Breadth-First Search,4,0.0207,9,5
04_047.,Breadth-First Search,4,0.0245,15,5
04_048.,Breadth-First Search,4,0.0179,11,5
04_049.,Breadth-First Search,4,0.0197,12,5
04_050.,Breadth-First Search,4,0.0215,13,5
04_051.,Breadth-First Search,4,0.0180,11,5
04_052.,Breadth-First Search,4,0.0210,12,5
04_053.,Breadth-First Search,4,0.0250,15,5
04_054.,Breadth-First Search,4,0.0163,10,5
04_055.,Breadth-First Search,4,0.0195,12,5
04_056.,Breadth-First Search,4,0.0277,16,5
04_057.,Breadth-First Search,4,0.0230,14,5
04_058.,Breadth-First Search,4,0.0116,7,5
04_059.,Breadth-First Search,4,0.0188,11,5
04_060.,Breadth-First Search,4,0.0258,16,5
04_061.,Breadth-First Search,4,0.0200,12,5
04_062.,Breadth-First Search,4,0.0209,13,5
04_063.,Breadth-First Search,4,0.0196,12,5
04_064.,Breadth-First Search,4,0.0175,11,5
04_065.,Breadth-First Search,4,0.0242,15,5
04_066.,Breadth-First Search,4,0.0218,13,5
04_067.,Breadth-First Search,4,0.0207,11,5
04_068.,Breadth-First Search,4,0.0244,11,5
04_069.,Breadth-First Search,4,0.0981,9,5
04_070.,Breadth-First Search,4,0.0839,15,5
04_071.,Breadth-First Search,4,0.0554,11,5
04_072.,Breadth-First Search,4,0.0720,14,5
04_073.,Breadth-First Search,4,0.0983,12,5
04_074.,Breadth-First Search,4,0.0817,16,5
04_075.,Breadth-First Search,4,0.0551,11,5
04_076.,Breadth-First Search,4,0.0605,12,5
04_077.,Breadth-First Search,4,0.0674,13,5
04_078.,Breadth-First Search,4,0.0740,15,5
04_079.,Breadth-First Search,4,0.0546,11,5
04_080.,Breadth-First Search,4,0.0525,11,5
04_081.,Breadth-First Search,4,0.0535,11,5
04_082.,Breadth-First Search,4,0.0439,14,5
04_083.,Breadth-First Search,4,0.0305,12,5
04_084.,Breadth-First Search,4,0.0304,12,5
04_085.,Breadth-First Search,4,0.0934,13,5
04_086.,Breadth-First Search,4,0.0419,15,5
04_087.,Breadth-First Search,4,0.0537,11,5
04_088.,Breadth-First Search,4,0.0394,11,5
04_089.,Breadth-First Search,4,0.0265,11,5
04_090.,Breadth-First Search,4,0.0286,12,5
04_091.,Breadth-First Search,4,0.0277,12,5
04_092.,Breadth-First Search,4,0.0230,10,5
04_093.,Breadth-First Search,4,0.0599,11,5
04_094.,Breadth-First Search,4,0.0362,10,5
04_095.,Breadth-First Search,4,0.0170,7,5
04_096.,Breadth-First Search,4,0.0275,12,5
04_097.,Breadth-First Search,4,0.0218,10,5
04_098.,Breadth-First Search,4,0.0180,8,5
04_099.,Breadth-First Search,4,0.0295,11,5
04_100.,Breadth-First Search,4,0.0286,12,5
08_001.,Breadth-First Search,8,0.2117,41,9
08_002.,Breadth-First Search,8,0.3549,50,9
08_003.,Breadth-First Search,8,0.2388,40,9
08_004.,Breadth-First Search,8,0.3987,61,11
08_005.,Breadth-First Search,8,0.3210,57,9
08_006.,Breadth-First Search,8,0.2949,55,9
08_007.,Breadth-First Search,8,0.3104,56,9
08_008.,Breadth-First Search,8,0.5261,45,9
08_009.,Breadth-First Search,8,0.3423,54,9
08_010.,Breadth-First Search,8,0.4855,53,11
08_011.,Breadth-First Search,8,0.1960,38,9
08_012.,Breadth-First Search,8,0.2398,52,11
08_013.,Breadth-First Search,8,0.2524,51,9
08_014.,Breadth-First Search,8,0.2545,49,11
08_015.,Breadth-First Search,8,0.1602,36,9
08_016.,Breadth-First Search,8,0.8873,37,9
08_017.,Breadth-First Search,8,0.8547,55,9
08_018.,Breadth-First Search,8,0.3316,57,9
08_019.,Breadth-First Search,8,0.1747,40,9
08_020.,Breadth-First Search,8,0.2750,56,11
08_021.,Breadth-First Search,8,0.2454,52,13
08_022.,Breadth-First Search,8,0.2108,49,9
08_023.,Breadth-First Search,8,0.2510,46,9
08_024.,Breadth-First Search,8,0.7951,55,13
08_025.,Breadth-First Search,8,0.2135,49,11
08_026.,Breadth-First Search,8,0.2419,49,13
08_027.,Breadth-First Search,8,0.2106,50,9
08_028.,Breadth-First Search,8,0.2190,50,9
08_029.,Breadth-First Search,8,0.1886,46,9
08_030.,Breadth-First Search,8,0.1434,32,9
08_031.,Breadth-First Search,8,0.3340,54,11
08_032.,Breadth-First Search,8,0.3102,47,9
08_033.,Breadth-First Search,8,0.2017,44,9
08_034.,Breadth-First Search,8,0.2419,56,11
08_035.,Breadth-First Search,8,0.2309,46,9
08_036.,Breadth-First Search,8,0.2500,57,9
08_037.,Breadth-First Search,8,0.1905,34,9
08_038.,Breadth-First Search,8,0.2066,46,9
08_039.,Breadth-First Search,8,0.2350,42,11
08_040.,Breadth-First Search,8,0.2911,46,9
08_041.,Breadth-First Search,8,0.2493,38,9
08_042.,Breadth-First Search,8,0.2095,53,9
08_043.,Breadth-First Search,8,0.2082,51,9
08_044.,Breadth-First Search,8,0.3347,56,9
08_045.,Breadth-First Search,8,0.2189,52,11
08_046.,Breadth-First Search,8,0.1934,44,9
08_047.,Breadth-First Search,8,0.2356,53,9
08_048.,Breadth-First Search,8,0.2111,51,9
08_049.,Breadth-First Search,8,0.2930,47,9
08_050.,Breadth-First Search,8,0.2704,50,9
08_051.,Breadth-First Search,8,0.2210,54,13
08_052.,Breadth-First Search,8,0.2292,56,11
08_053.,Breadth-First Search,8,0.3009,54,11
08_054.,Breadth-First Search,8,0.2454,45,9
08_055.,Breadth-First Search,8,0.2185,47,9
08_056.,Breadth-First Search,8,0.3400,48,9
08_057.,Breadth-First Search,8,0.3219,52,9
08_058.,Breadth-First Search,8,0.2436,33,9
08_059.,Breadth-First Search,8,0.2583,51,11
08_060.,Breadth-First Search,8,0.2540,57,11
08_061.,Breadth-First Search,8,0.2195,48,9
08_062.,Breadth-First Search,8,0.3458,58,9
08_063.,Breadth-First Search,8,0.2343,50,13
08_064.,Breadth-First Search,8,0.2021,48,11
08_065.,Breadth-First Search,8,0.3266,52,11
08_066.,Breadth-First Search,8,0.2431,54,9
08_067.,Breadth-First Search,8,0.2407,55,11
08_068.,Breadth-First Search,8,0.2410,48,9
08_069.,Breadth-First Search,8,0.1883,45,9
08_070.,Breadth-First Search,8,0.1653,40,9
08_071.,Breadth-First Search,8,0.2506,38,9
08_072.,Breadth-First Search,8,0.2776,52,13
08_073.,Breadth-First Search,8,0.2344,53,9
08_074.,Breadth-First Search,8,0.1533,53,11
08_075.,Breadth-First Search,8,0.1708,50,11
08_076.,Breadth-First Search,8,0.2320,55,9
08_077.,Breadth-First Search,8,0.2622,53,9
08_078.,Breadth-First Search,8,0.2292,49,9
08_079.,Breadth-First Search,8,0.3301,50,9
08_080.,Breadth-First Search,8,0.3518,51,11
08_081.,Breadth-First Search,8,0.3130,54,9
08_082.,Breadth-First Search,8,0.1966,48,9
08_083.,Breadth-First Search,8,0.6468,48,9
08_084.,Breadth-First Search,8,0.1839,42,9
08_085.,Breadth-First Search,8,0.1759,44,11
08_086.,Breadth-First Search,8,0.1731,31,9
08_087.,Breadth-First Search,8,0.2263,51,9
08_088.,Breadth-First Search,8,0.2368,51,9
08_089.,Breadth-First Search,8,0.2976,53,11
08_090.,Breadth-First Search,8,0.1673,35,9
08_091.,Breadth-First Search,8,0.2001,36,9
08_092.,Breadth-First Search,8,0.2309,53,11
08_093.,Breadth-First Search,8,0.1675,42,9
08_094.,Breadth-First Search,8,0.1809,54,9
08_095.,Breadth-First Search,8,0.2045,55,9
08_096.,Breadth-First Search,8,0.2152,52,9
08_097.,Breadth-First Search,8,0.2114,54,9
08_098.,Breadth-First Search,8,0.4042,52,9
08_099.,Breadth-First Search,8,0.2498,55,11
08_100.,Breadth-First Search,8,0.2260,32,9
16_001.,Breadth-First Search,16,2.7083,216,19
16_002.,Breadth-First Search,16,2.4669,192,17
16_003.,Breadth-First Search,16,3.4106,192,17
16_004.,Breadth-First Search,16,2.8487,206,19
16_005.,Breadth-First Search,16,2.7819,219,19
16_006.,Breadth-First Search,16,2.6411,195,17
16_007.,Breadth-First Search,16,2.9619,230,25
16_008.,Breadth-First Search,16,2.9055,222,17
16_009.,Breadth-First Search,16,3.4674,226,17
16_010.,Breadth-First Search,16,2.4412,216,17
16_011.,Breadth-First Search,16,1.7983,169,19
16_012.,Breadth-First Search,16,1.8514,199,25
16_013.,Breadth-First Search,16,1.7722,211,23
16_014.,Breadth-First Search,16,2.2572,221,17
16_015.,Breadth-First Search,16,1.8326,186,17
16_016.,Breadth-First Search,16,2.4791,217,17
16_017.,Breadth-First Search,16,2.2141,185,17
16_018.,Breadth-First Search,16,1.9910,205,21
16_019.,Breadth-First Search,16,2.0232,214,17
16_020.,Breadth-First Search,16,1.6699,226,25
16_021.,Breadth-First Search,16,1.4899,198,23
16_022.,Breadth-First Search,16,1.3669,183,17
16_023.,Breadth-First Search,16,1.5087,200,17
16_024.,Breadth-First Search,16,1.5842,204,17
16_025.,Breadth-First Search,16,1.9235,228,17
16_026.,Breadth-First Search,16,2.0648,215,21
16_027.,Breadth-First Search,16,1.6825,211,17
16_028.,Breadth-First Search,16,1.0818,140,17
16_029.,Breadth-First Search,16,1.4931,194,23
16_030.,Breadth-First Search,16,1.5768,203,21
16_031.,Breadth-First Search,16,1.4929,194,17
16_032.,Breadth-First Search,16,1.4726,190,21
16_033.,Breadth-First Search,16,1.7717,226,17
16_034.,Breadth-First Search,16,1.7652,212,19
16_035.,Breadth-First Search,16,1.8109,159,19
16_036.,Breadth-First Search,16,2.0859,186,17
16_037.,Breadth-First Search,16,1.7065,166,17
16_038.,Breadth-First Search,16,1.6724,168,17
16_039.,Breadth-First Search,16,1.8351,235,23
16_040.,Breadth-First Search,16,1.8963,215,19
16_041.,Breadth-First Search,16,1.4681,171,17
16_042.,Breadth-First Search,16,2.0808,205,23
16_043.,Breadth-First Search,16,2.2858,207,17
16_044.,Breadth-First Search,16,2.0781,165,21
16_045.,Breadth-First Search,16,2.4336,206,17
16_046.,Breadth-First Search,16,2.3763,221,29
16_047.,Breadth-First Search,16,2.0708,195,17
16_048.,Breadth-First Search,16,10.4581,178,17
16_049.,Breadth-First Search,16,2.0107,194,17
16_050.,Breadth-First Search,16,2.1035,211,21
16_051.,Breadth-First Search,16,1.3620,173,17
16_052.,Breadth-First Search,16,1.8751,225,25
16_053.,Breadth-First Search,16,1.7067,220,21
16_054.,Breadth-First Search,16,1.7154,213,19
16_055.,Breadth-First Search,16,1.6669,216,21
16_056.,Breadth-First Search,16,1.5032,199,23
16_057.,Breadth-First Search,16,1.4107,188,17
16_058.,Breadth-First Search,16,1.1733,158,17
16_059.,Breadth-First Search,16,1.4909,199,21
16_060.,Breadth-First Search,16,1.0860,143,17
16_061.,Breadth-First Search,16,1.3457,177,23
16_062.,Breadth-First Search,16,1.3257,173,17
16_063.,Breadth-First Search,16,1.6331,214,17
16_064.,Breadth-First Search,16,1.6368,214,17
16_065.,Breadth-First Search,16,1.6924,225,19
16_066.,Breadth-First Search,16,1.4771,196,17
16_067.,Breadth-First Search,16,1.6874,224,19
16_068.,Breadth-First Search,16,1.6706,224,21
16_069.,Breadth-First Search,16,1.5048,198,23
16_070.,Breadth-First Search,16,1.3789,183,19
16_071.,Breadth-First Search,16,1.4168,190,17
16_072.,Breadth-First Search,16,1.4573,194,17
16_073.,Breadth-First Search,16,1.3210,177,17
16_074.,Breadth-First Search,16,2.1254,216,17
16_075.,Breadth-First Search,16,2.0524,201,19
16_076.,Breadth-First Search,16,1.2518,122,17
16_077.,Breadth-First Search,16,2.0670,216,17
16_078.,Breadth-First Search,16,1.7539,177,17
16_079.,Breadth-First Search,16,1.3208,150,17
16_080.,Breadth-First Search,16,1.8422,196,17
16_081.,Breadth-First Search,16,1.5138,166,21
16_082.,Breadth-First Search,16,1.4578,192,19
16_083.,Breadth-First Search,16,1.7065,221,17
16_084.,Breadth-First Search,16,1.5070,199,23
16_085.,Breadth-First Search,16,1.6463,217,17
16_086.,Breadth-First Search,16,1.6059,173,17
16_087.,Breadth-First Search,16,1.4774,161,17
16_088.,Breadth-First Search,16,1.6635,212,21
16_089.,Breadth-First Search,16,1.6660,211,19
16_090.,Breadth-First Search,16,1.3920,185,17
16_091.,Breadth-First Search,16,1.2992,175,17
16_092.,Breadth-First Search,16,1.2880,171,19
16_093.,Breadth-First Search,16,1.6384,217,19
16_094.,Breadth-First Search,16,1.6599,220,19
16_095.,Breadth-First Search,16,1.3043,174,19
16_096.,Breadth-First Search,16,1.7016,226,23
16_097.,Breadth-First Search,16,1.3551,179,17
16_098.,Breadth-First Search,16,1.3775,185,19
16_099.,Breadth-First Search,16,1.4007,186,17
16_100.,Breadth-First Search,16,1.6841,223,17
32_001.,Breadth-First Search,32,19.7971,757,37
32_002.,Breadth-First Search,32,22.0404,837,41
32_003.,Breadth-First Search,32,17.7817,678,37
32_004.,Breadth-First Search,32,25.0826,880,57
32_005.,Breadth-First Search,32,24.0128,715,33
32_006.,Breadth-First Search,32,23.3204,798,33
32_007.,Breadth-First Search,32,24.4938,898,33
32_008.,Breadth-First Search,32,17.6249,662,33
32_009.,Breadth-First Search,32,18.7195,685,37
32_010.,Breadth-First Search,32,26.5697,895,39
32_011.,Breadth-First Search,32,21.9838,516,33
32_012.,Breadth-First Search,32,19.2336,718,33
32_013.,Breadth-First Search,32,23.7528,878,33
32_014.,Breadth-First Search,32,22.2693,834,51
32_015.,Breadth-First Search,32,20.6765,753,33
32_016.,Breadth-First Search,32,18.4479,664,37
32_017.,Breadth-First Search,32,20.2507,774,33
32_018.,Breadth-First Search,32,24.7377,889,51
32_019.,Breadth-First Search,32,16.4016,620,33
32_020.,Breadth-First Search,32,20.5898,767,37
32_021.,Breadth-First Search,32,24.5834,882,33
32_022.,Breadth-First Search,32,22.1305,834,33
32_023.,Breadth-First Search,32,22.3350,775,35
32_024.,Breadth-First Search,32,21.7386,826,43
32_025.,Breadth-First Search,32,25.8331,720,41
32_026.,Breadth-First Search,32,23.0680,820,37
32_027.,Breadth-First Search,32,22.0064,824,35
32_028.,Breadth-First Search,32,25.3835,858,39
32_029.,Breadth-First Search,32,26.7979,846,35
32_030.,Breadth-First Search,32,23.0075,814,45
32_031.,Breadth-First Search,32,22.5752,780,35
32_032.,Breadth-First Search,32,24.8297,887,33
32_033.,Breadth-First Search,32,27.5822,872,33
32_034.,Breadth-First Search,32,21.4778,682,39
32_035.,Breadth-First Search,32,26.9033,880,33
32_036.,Breadth-First Search,32,24.3636,895,47
32_037.,Breadth-First Search,32,20.9466,724,33
32_038.,Breadth-First Search,32,30.5797,901,43
32_039.,Breadth-First Search,32,28.1893,816,35
32_040.,Breadth-First Search,32,25.7279,812,33
32_041.,Breadth-First Search,32,22.0757,743,35
32_042.,Breadth-First Search,32,28.7059,849,37
32_043.,Breadth-First Search,32,18.7017,667,33
32_044.,Breadth-First Search,32,23.4848,830,35
32_045.,Breadth-First Search,32,23.1678,775,39
32_046.,Breadth-First Search,32,21.4169,796,39
32_047.,Breadth-First Search,32,23.1397,765,37
32_048.,Breadth-First Search,32,22.4154,813,35
32_049.,Breadth-First Search,32,26.1538,866,41
32_050.,Breadth-First Search,32,23.8514,860,33
32_051.,Breadth-First Search,32,23.4008,852,39
32_052.,Breadth-First Search,32,24.1614,851,33
32_053.,Breadth-First Search,32,23.5268,859,39
32_054.,Breadth-First Search,32,23.6212,816,33
32_055.,Breadth-First Search,32,28.6002,892,37
32_056.,Breadth-First Search,32,22.2466,742,39
32_057.,Breadth-First Search,32,24.2375,825,39
32_058.,Breadth-First Search,32,21.5989,791,35
32_059.,Breadth-First Search,32,29.1600,863,41
32_060.,Breadth-First Search,32,27.7467,896,39
32_061.,Breadth-First Search,32,26.8518,795,33
32_062.,Breadth-First Search,32,20.9034,757,35
32_063.,Breadth-First Search,32,21.7115,803,43
32_064.,Breadth-First Search,32,17.1131,643,35
32_065.,Breadth-First Search,32,27.7691,830,35
32_066.,Breadth-First Search,32,24.3801,769,39
32_067.,Breadth-First Search,32,24.7246,900,33
32_068.,Breadth-First Search,32,25.7466,899,35
32_069.,Breadth-First Search,32,25.4245,839,33
32_070.,Breadth-First Search,32,25.6770,813,35
32_071.,Breadth-First Search,32,20.6540,676,33
32_072.,Breadth-First Search,32,23.4161,846,37
32_073.,Breadth-First Search,32,23.7371,827,33
32_074.,Breadth-First Search,32,24.1580,820,41
32_075.,Breadth-First Search,32,25.7637,860,43
32_076.,Breadth-First Search,32,21.7326,782,35
32_077.,Breadth-First Search,32,24.3709,872,39
32_078.,Breadth-First Search,32,24.9124,901,41
32_079.,Breadth-First Search,32,25.0380,902,35
32_080.,Breadth-First Search,32,22.1593,749,45
32_081.,Breadth-First Search,32,13.8429,511,35
32_082.,Breadth-First Search,32,24.1701,879,33
32_083.,Breadth-First Search,32,24.3859,790,37
32_084.,Breadth-First Search,32,68.5684,878,37
32_085.,Breadth-First Search,32,26.3238,870,33
32_086.,Breadth-First Search,32,22.0709,782,37
32_087.,Breadth-First Search,32,22.2708,783,33
32_088.,Breadth-First Search,32,24.1329,895,57
32_089.,Breadth-First Search,32,24.2682,898,47
32_090.,Breadth-First Search,32,25.1653,857,35
32_091.,Breadth-First Search,32,24.4976,883,33
32_092.,Breadth-First Search,32,19.7639,724,41
32_093.,Breadth-First Search,32,25.7495,890,39
32_094.,Breadth-First Search,32,23.7142,873,35
32_095.,Breadth-First Search,32,23.8432,817,35
32_096.,Breadth-First Search,32,22.8800,816,35
32_097.,Breadth-First Search,32,22.6858,817,33
32_098.,Breadth-First Search,32,24.6301,856,37
32_099.,Breadth-First Search,32,18.2119,635,37
32_100.,Breadth-First Search,32,19.6379,716,37
64_001.,Breadth-First Search,64,286.5085,3205,73
64_002.,Breadth-First Search,64,301.3006,3422,77
64_003.,Breadth-First Search,64,295.7456,3351,67
64_004.,Breadth-First Search,64,323.0839,3521,69
64_005.,Breadth-First Search,64,316.5467,3576,75
64_006.,Breadth-First Search,64,283.3191,3271,97
64_007.,Breadth-First Search,64,314.0707,3618,71
64_008.,Breadth-First Search,64,297.0646,3421,85
64_009.,Breadth-First Search,64,251.0737,2897,71
64_010.,Breadth-First Search,64,261.6506,3048,65
64_011.,Breadth-First Search,64,296.7443,3439,69
64_012.,Breadth-First Search,64,273.3027,3344,75
64_013.,Breadth-First Search,64,308.3189,3499,77
64_014.,Breadth-First Search,64,283.0289,3212,65
64_015.,Breadth-First Search,64,302.1711,3528,71
64_016.,Breadth-First Search,64,299.6358,3544,97
64_017.,Breadth-First Search,64,232.6032,2643,71
64_018.,Breadth-First Search,64,252.6629,2801,67
64_019.,Breadth-First Search,64,300.7160,3520,91
64_020.,Breadth-First Search,64,263.3249,3062,67
64_021.,Breadth-First Search,64,293.1807,3422,69
64_022.,Breadth-First Search,64,284.8133,3442,75
64_023.,Breadth-First Search,64,306.9981,3563,71
64_024.,Breadth-First Search,64,293.5022,3349,73
64_025.,Breadth-First Search,64,279.2326,3033,69
64_026.,Breadth-First Search,64,280.4608,3155,67
64_027.,Breadth-First Search,64,297.9148,3569,65
64_028.,Breadth-First Search,64,314.8138,3485,87
64_029.,Breadth-First Search,64,198.8018,2362,65
64_030.,Breadth-First Search,64,291.6026,3363,95
64_031.,Breadth-First Search,64,312.3294,3555,73
64_032.,Breadth-First Search,64,218.6271,2439,73
64_033.,Breadth-First Search,64,299.8731,3490,71
64_034.,Breadth-First Search,64,300.2208,3386,69
64_035.,Breadth-First Search,64,279.6445,3296,71
64_036.,Breadth-First Search,64,312.2368,3575,67
64_037.,Breadth-First Search,64,259.4167,3086,71
64_038.,Breadth-First Search,64,254.9048,2956,69
64_039.,Breadth-First Search,64,275.9346,3229,67
64_040.,Breadth-First Search,64,216.3235,2574,77
64_041.,Breadth-First Search,64,281.4697,3428,95
64_042.,Breadth-First Search,64,291.4228,3406,67
64_043.,Breadth-First Search,64,313.2599,3378,75
64_044.,Breadth-First Search,64,286.4266,3363,71
64_045.,Breadth-First Search,64,307.6931,3454,65
64_046.,Breadth-First Search,64,219.9490,2654,65
64_047.,Breadth-First Search,64,292.9259,3537,73
64_048.,Breadth-First Search,64,257.7932,3032,75
64_049.,Breadth-First Search,64,254.1922,2979,85
64_050.,Breadth-First Search,64,305.2549,3561,115
64_051.,Breadth-First Search,64,299.0286,3502,75
64_052.,Breadth-First Search,64,294.4658,3313,81
64_053.,Breadth-First Search,64,297.3576,3454,69
64_054.,Breadth-First Search,64,315.7255,3521,67
64_055.,Breadth-First Search,64,247.9082,2811,67
64_056.,Breadth-First Search,64,348.2848,3539,77
64_057.,Breadth-First Search,64,306.4750,3535,73
64_058.,Breadth-First Search,64,295.9400,3415,79
64_059.,Breadth-First Search,64,299.7459,3547,105
64_060.,Breadth-First Search,64,301.1196,3367,77
64_061.,Breadth-First Search,64,316.3647,3547,83
64_062.,Breadth-First Search,64,268.4390,3282,73
64_063.,Breadth-First Search,64,275.9398,3286,69
64_064.,Breadth-First Search,64,294.1194,3394,67
64_065.,Breadth-First Search,64,275.2436,3178,71
64_066.,Breadth-First Search,64,259.9099,3121,85
64_067.,Breadth-First Search,64,272.4532,3126,75
64_068.,Breadth-First Search,64,310.9993,3522,117
64_069.,Breadth-First Search,64,304.3425,3579,109
64_070.,Breadth-First Search,64,250.3439,3000,71
64_071.,Breadth-First Search,64,305.0954,3551,75
64_072.,Breadth-First Search,64,284.8410,3461,99
64_073.,Breadth-First Search,64,306.1781,3468,77
64_074.,Breadth-First Search,64,279.0413,3323,69
64_075.,Breadth-First Search,64,275.5910,3313,69
64_076.,Breadth-First Search,64,262.8871,3186,67
64_077.,Breadth-First Search,64,292.2308,3541,73
64_078.,Breadth-First Search,64,315.9240,3446,65
64_079.,Breadth-First Search,64,305.7081,3567,65
64_080.,Breadth-First Search,64,311.5688,3565,83
64_081.,Breadth-First Search,64,310.4869,3424,75
64_082.,Breadth-First Search,64,302.5993,3544,83
64_083.,Breadth-First Search,64,264.1841,3030,67
64_084.,Breadth-First Search,64,247.9288,2875,73
64_085.,Breadth-First Search,64,326.1573,3495,71
64_086.,Breadth-First Search,64,265.4965,3220,71
64_087.,Breadth-First Search,64,282.9522,3467,97
64_088.,Breadth-First Search,64,302.5548,3490,99
64_089.,Breadth-First Search,64,337.7448,3477,77
64_090.,Breadth-First Search,64,282.2099,3274,93
64_091.,Breadth-First Search,64,298.0759,3319,65
64_092.,Breadth-First Search,64,300.9049,3555,93
64_093.,Breadth-First Search,64,262.7257,3129,71
64_094.,Breadth-First Search,64,308.5148,3500,67
64_095.,Breadth-First Search,64,307.4069,3476,77
64_096.,Breadth-First Search,64,303.3478,3498,91
64_097.,Breadth-First Search,64,271.0108,3239,67
64_098.,Breadth-First Search,64,325.1891,3506,75
64_099.,Breadth-First Search,64,306.0417,3525,69
64_100.,Breadth-First Search,64,271.5496,3222,83
04_001.,Depth-First Search,4,0.0101,5,5
04_002.,Depth-First Search,4,0.0104,6,5
04_003.,Depth-First Search,4,0.0074,5,5
04_004.,Depth-First Search,4,0.0102,6,5
04_005.,Depth-First Search,4,0.0423,11,11
04_006.,Depth-First Search,4,0.0078,5,5
04_007.,Depth-First Search,4,0.0073,5,5
04_008.,Depth-First Search,4,0.0070,5,5
04_009.,Depth-First Search,4,0.0073,5,5
04_010.,Depth-First Search,4,0.0071,5,5
04_011.,Depth-First Search,4,0.0074,5,5
04_012.,Depth-First Search,4,0.0071,5,5
04_013.,Depth-First Search,4,0.0072,5,5
04_014.,Depth-First Search,4,0.0074,5,5
04_015.,Depth-First Search,4,0.0258,12,11
04_016.,Depth-First Search,4,0.0072,5,5
04_017.,Depth-First Search,4,0.0071,5,5
04_018.,Depth-First Search,4,0.0101,7,7
04_019.,Depth-First Search,4,0.0100,7,7
04_020.,Depth-First Search,4,0.0072,5,5
04_021.,Depth-First Search,4,0.0070,5,5
04_022.,Depth-First Search,4,0.0155,11,11
04_023.,Depth-First Search,4,0.0155,10,9
04_024.,Depth-First Search,4,0.0124,9,9
04_025.,Depth-First Search,4,0.0127,9,9
04_026.,Depth-First Search,4,0.0071,5,5
04_027.,Depth-First Search,4,0.0074,5,5
04_028.,Depth-First Search,4,0.0070,5,5
04_029.,Depth-First Search,4,0.0072,5,5
04_030.,Depth-First Search,4,0.0097,7,7
04_031.,Depth-First Search,4,0.0072,5,5
04_032.,Depth-First Search,4,0.0075,5,5
04_033.,Depth-First Search,4,0.0177,11,9
04_034.,Depth-First Search,4,0.0069,5,5
04_035.,Depth-First Search,4,0.0152,11,11
04_036.,Depth-First Search,4,0.0129,7,5
04_037.,Depth-First Search,4,0.0073,5,5
04_038.,Depth-First Search,4,0.0125,9,9
04_039.,Depth-First Search,4,0.0153,11,11
04_040.,Depth-First Search,4,0.0099,7,7
04_041.,Depth-First Search,4,0.0153,11,11
04_042.,Depth-First Search,4,0.0070,5,5
04_043.,Depth-First Search,4,0.0127,9,9
04_044.,Depth-First Search,4,0.0071,5,5
04_045.,Depth-First Search,4,0.0071,5,5
04_046.,Depth-First Search,4,0.0153,8,5
04_047.,Depth-First Search,4,0.0071,5,5
04_048.,Depth-First Search,4,0.0071,5,5
04_049.,Depth-First Search,4,0.0070,5,5
04_050.,Depth-First Search,4,0.0178,12,11
04_051.,Depth-First Search,4,0.0073,5,5
04_052.,Depth-First Search,4,0.0071,5,5
04_053.,Depth-First Search,4,0.0073,5,5
04_054.,Depth-First Search,4,0.0097,7,7
04_055.,Depth-First Search,4,0.0070,5,5
04_056.,Depth-First Search,4,0.0071,5,5
04_057.,Depth-First Search,4,0.0072,5,5
04_058.,Depth-First Search,4,0.0070,5,5
04_059.,Depth-First Search,4,0.0071,5,5
04_060.,Depth-First Search,4,0.0072,5,5
04_061.,Depth-First Search,4,0.0070,5,5
04_062.,Depth-First Search,4,0.0071,5,5
04_063.,Depth-First Search,4,0.0155,11,11
04_064.,Depth-First Search,4,0.0074,5,5
04_065.,Depth-First Search,4,0.0069,5,5
04_066.,Depth-First Search,4,0.0206,12,11
04_067.,Depth-First Search,4,0.0151,11,11
04_068.,Depth-First Search,4,0.0071,5,5
04_069.,Depth-First Search,4,0.0076,5,5
04_070.,Depth-First Search,4,0.0072,5,5
04_071.,Depth-First Search,4,0.0125,9,9
04_072.,Depth-First Search,4,0.0071,5,5
04_073.,Depth-First Search,4,0.0072,5,5
04_074.,Depth-First Search,4,0.0072,5,5
04_075.,Depth-First Search,4,0.0097,6,5
04_076.,Depth-First Search,4,0.0154,11,11
04_077.,Depth-First Search,4,0.0072,5,5
04_078.,Depth-First Search,4,0.0070,5,5
04_079.,Depth-First Search,4,0.0152,10,9
04_080.,Depth-First Search,4,0.0072,5,5
04_081.,Depth-First Search,4,0.0126,9,9
04_082.,Depth-First Search,4,0.0070,5,5
04_083.,Depth-First Search,4,0.0151,11,11
04_084.,Depth-First Search,4,0.0180,11,9
04_085.,Depth-First Search,4,0.0070,5,5
04_086.,Depth-First Search,4,0.0070,5,5
04_087.,Depth-First Search,4,0.0151,10,9
04_088.,Depth-First Search,4,0.0098,6,5
04_089.,Depth-First Search,4,0.0150,10,9
04_090.,Depth-First Search,4,0.0070,5,5
04_091.,Depth-First Search,4,0.0071,5,5
04_092.,Depth-First Search,4,0.0126,8,7
04_093.,Depth-First Search,4,0.0154,11,11
04_094.,Depth-First Search,4,0.0072,5,5
04_095.,Depth-First Search,4,0.0071,5,5
04_096.,Depth-First Search,4,0.0151,11,11
04_097.,Depth-First Search,4,0.0124,7,5
04_098.,Depth-First Search,4,0.0074,5,5
04_099.,Depth-First Search,4,0.0097,7,7
04_100.,Depth-First Search,4,0.0156,11,11
08_001.,Depth-First Search,8,0.0364,13,13
08_002.,Depth-First Search,8,0.1304,38,29
08_003.,Depth-First Search,8,0.0246,9,9
08_004.,Depth-First Search,8,0.0296,11,11
08_005.,Depth-First Search,8,0.0243,9,9
08_006.,Depth-First Search,8,0.1504,49,43
08_007.,Depth-First Search,8,0.0355,13,13
08_008.,Depth-First Search,8,0.1358,46,43
08_009.,Depth-First Search,8,0.1084,37,35
08_010.,Depth-First Search,8,0.0301,11,11
08_011.,Depth-First Search,8,0.0469,17,17
08_012.,Depth-First Search,8,0.0831,30,29
08_013.,Depth-First Search,8,0.1124,36,31
08_014.,Depth-First Search,8,0.1206,45,45
08_015.,Depth-First Search,8,0.0685,25,25
08_016.,Depth-First Search,8,0.1026,36,35
08_017.,Depth-First Search,8,0.0356,13,13
08_018.,Depth-First Search,8,0.0253,9,9
08_019.,Depth-First Search,8,0.1013,34,31
08_020.,Depth-First Search,8,0.1256,40,35
08_021.,Depth-First Search,8,0.1200,35,25
08_022.,Depth-First Search,8,0.0523,19,19
08_023.,Depth-First Search,8,0.0851,29,27
08_024.,Depth-First Search,8,0.0424,13,13
08_025.,Depth-First Search,8,0.1085,35,31
08_026.,Depth-First Search,8,0.0466,17,17
08_027.,Depth-First Search,8,0.0245,9,9
08_028.,Depth-First Search,8,0.0256,9,9
08_029.,Depth-First Search,8,0.1077,38,37
08_030.,Depth-First Search,8,0.0964,30,25
08_031.,Depth-First Search,8,0.0801,29,29
08_032.,Depth-First Search,8,0.0839,28,27
08_033.,Depth-First Search,8,0.0727,26,25
08_034.,Depth-First Search,8,0.0409,15,15
08_035.,Depth-First Search,8,0.1493,45,35
08_036.,Depth-First Search,8,0.0247,9,9
08_037.,Depth-First Search,8,0.0961,32,29
08_038.,Depth-First Search,8,0.1145,40,39
08_039.,Depth-First Search,8,0.1648,42,41
08_040.,Depth-First Search,8,0.2379,50,41
08_041.,Depth-First Search,8,0.1247,39,39
08_042.,Depth-First Search,8,0.0355,13,13
08_043.,Depth-First Search,8,0.0553,19,19
08_044.,Depth-First Search,8,0.0247,9,9
08_045.,Depth-First Search,8,0.1498,43,29
08_046.,Depth-First Search,8,0.1035,36,35
08_047.,Depth-First Search,8,0.0351,13,13
08_048.,Depth-First Search,8,0.1644,49,37
08_049.,Depth-First Search,8,0.0244,9,9
08_050.,Depth-First Search,8,0.0460,17,17
08_051.,Depth-First Search,8,0.1182,38,33
08_052.,Depth-First Search,8,0.0679,25,25
08_053.,Depth-First Search,8,0.0300,11,11
08_054.,Depth-First Search,8,0.0246,9,9
08_055.,Depth-First Search,8,0.0837,28,25
08_056.,Depth-First Search,8,0.1109,36,31
08_057.,Depth-First Search,8,0.0348,13,13
08_058.,Depth-First Search,8,0.1193,38,35
08_059.,Depth-First Search,8,0.0404,15,15
08_060.,Depth-First Search,8,0.1306,45,43
08_061.,Depth-First Search,8,0.0937,25,15
08_062.,Depth-First Search,8,0.0248,9,9
08_063.,Depth-First Search,8,0.0413,14,13
08_064.,Depth-First Search,8,0.0809,29,29
08_065.,Depth-First Search,8,0.1461,48,43
08_066.,Depth-First Search,8,0.0247,9,9
08_067.,Depth-First Search,8,0.0300,11,11
08_068.,Depth-First Search,8,0.1351,47,45
08_069.,Depth-First Search,8,0.1261,44,43
08_070.,Depth-First Search,8,0.1126,41,41
08_071.,Depth-First Search,8,0.0567,19,19
08_072.,Depth-First Search,8,0.1498,50,45
08_073.,Depth-First Search,8,0.0356,13,13
08_074.,Depth-First Search,8,0.0411,15,15
08_075.,Depth-First Search,8,0.0369,13,13
08_076.,Depth-First Search,8,0.0351,13,13
08_077.,Depth-First Search,8,0.0406,15,15
08_078.,Depth-First Search,8,0.0356,13,13
08_079.,Depth-First Search,8,0.1675,50,39
08_080.,Depth-First Search,8,0.0409,15,15
08_081.,Depth-First Search,8,0.0247,9,9
08_082.,Depth-First Search,8,0.0900,33,33
08_083.,Depth-First Search,8,0.1456,47,41
08_084.,Depth-First Search,8,0.1496,46,37
08_085.,Depth-First Search,8,0.1178,40,37
08_086.,Depth-First Search,8,0.0733,26,25
08_087.,Depth-First Search,8,0.0914,26,19
08_088.,Depth-First Search,8,0.1053,38,37
08_089.,Depth-First Search,8,0.0297,11,11
08_090.,Depth-First Search,8,0.1336,43,37
08_091.,Depth-First Search,8,0.0741,25,25
08_092.,Depth-First Search,8,0.0407,15,15
08_093.,Depth-First Search,8,0.0247,9,9
08_094.,Depth-First Search,8,0.1199,40,35
08_095.,Depth-First Search,8,0.1482,47,41
08_096.,Depth-First Search,8,0.0381,13,13
08_097.,Depth-First Search,8,0.1460,47,43
08_098.,Depth-First Search,8,0.0487,17,17
08_099.,Depth-First Search,8,0.1395,48,47
08_100.,Depth-First Search,8,0.0266,9,9
16_001.,Depth-First Search,16,0.1903,23,23
16_002.,Depth-First Search,16,3.9659,188,175
16_003.,Depth-First Search,16,0.2174,21,21
16_004.,Depth-First Search,16,1.5857,137,129
16_005.,Depth-First Search,16,0.6276,57,57
16_006.,Depth-First Search,16,2.6498,216,185
16_007.,Depth-First Search,16,0.2720,25,25
16_008.,Depth-First Search,16,0.2931,29,29
16_009.,Depth-First Search,16,0.1767,17,17
16_010.,Depth-First Search,16,0.9529,76,73
16_011.,Depth-First Search,16,2.1748,181,157
16_012.,Depth-First Search,16,1.0405,84,73
16_013.,Depth-First Search,16,0.3518,33,31
16_014.,Depth-First Search,16,1.7602,150,131
16_015.,Depth-First Search,16,0.8122,74,69
16_016.,Depth-First Search,16,1.7825,171,163
16_017.,Depth-First Search,16,0.2959,31,31
16_018.,Depth-First Search,16,1.5837,140,127
16_019.,Depth-First Search,16,2.5729,216,181
16_020.,Depth-First Search,16,2.4039,215,197
16_021.,Depth-First Search,16,0.3682,39,39
16_022.,Depth-First Search,16,2.0430,161,125
16_023.,Depth-First Search,16,1.0591,90,81
16_024.,Depth-First Search,16,1.4739,119,115
16_025.,Depth-First Search,16,0.3344,29,29
16_026.,Depth-First Search,16,0.2330,21,21
16_027.,Depth-First Search,16,0.1857,17,17
16_028.,Depth-First Search,16,0.1811,17,17
16_029.,Depth-First Search,16,2.7698,200,143
16_030.,Depth-First Search,16,1.1890,92,77
16_031.,Depth-First Search,16,0.1815,17,17
16_032.,Depth-First Search,16,1.5552,154,125
16_033.,Depth-First Search,16,0.1901,21,21
16_034.,Depth-First Search,16,0.5532,58,53
16_035.,Depth-First Search,16,1.4529,128,107
16_036.,Depth-First Search,16,0.1917,21,21
16_037.,Depth-First Search,16,0.1423,17,17
16_038.,Depth-First Search,16,0.6419,64,63
16_039.,Depth-First Search,16,0.2429,23,23
16_040.,Depth-First Search,16,0.1884,19,19
16_041.,Depth-First Search,16,0.9928,79,69
16_042.,Depth-First Search,16,0.3322,31,27
16_043.,Depth-First Search,16,2.4256,188,179
16_044.,Depth-First Search,16,1.1682,101,93
16_045.,Depth-First Search,16,0.4306,43,43
16_046.,Depth-First Search,16,2.2748,219,189
16_047.,Depth-First Search,16,1.6965,172,157
16_048.,Depth-First Search,16,0.3006,30,29
16_049.,Depth-First Search,16,1.9202,180,163
16_050.,Depth-First Search,16,2.0442,186,163
16_051.,Depth-First Search,16,1.7520,188,177
16_052.,Depth-First Search,16,0.1893,25,25
16_053.,Depth-First Search,16,0.2009,27,27
16_054.,Depth-First Search,16,1.4586,160,139
16_055.,Depth-First Search,16,0.2755,33,33
16_056.,Depth-First Search,16,1.2812,159,151
16_057.,Depth-First Search,16,1.3399,157,141
16_058.,Depth-First Search,16,0.6233,67,53
16_059.,Depth-First Search,16,0.1965,27,27
16_060.,Depth-First Search,16,1.8174,191,139
16_061.,Depth-First Search,16,1.2627,152,131
16_062.,Depth-First Search,16,1.1751,150,141
16_063.,Depth-First Search,16,1.1626,143,129
16_064.,Depth-First Search,16,1.3419,142,101
16_065.,Depth-First Search,16,0.2126,28,27
16_066.,Depth-First Search,16,0.2535,34,33
16_067.,Depth-First Search,16,0.5717,70,65
16_068.,Depth-First Search,16,0.1602,21,21
16_069.,Depth-First Search,16,0.9260,117,109
16_070.,Depth-First Search,16,0.1396,19,19
16_071.,Depth-First Search,16,1.5221,183,159
16_072.,Depth-First Search,16,1.7593,204,187
16_073.,Depth-First Search,16,0.5362,69,67
16_074.,Depth-First Search,16,1.6824,197,189
16_075.,Depth-First Search,16,0.5595,70,65
16_076.,Depth-First Search,16,0.9612,109,91
16_077.,Depth-First Search,16,1.2825,148,119
16_078.,Depth-First Search,16,0.6690,83,75
16_079.,Depth-First Search,16,0.3360,44,43
16_080.,Depth-First Search,16,0.1582,21,21
16_081.,Depth-First Search,16,0.7610,98,93
16_082.,Depth-First Search,16,0.1374,19,19
16_083.,Depth-First Search,16,0.1257,17,17
16_084.,Depth-First Search,16,1.5101,179,153
16_085.,Depth-First Search,16,0.1342,17,17
16_086.,Depth-First Search,16,1.3486,163,145
16_087.,Depth-First Search,16,0.3495,47,47
16_088.,Depth-First Search,16,1.4971,185,169
16_089.,Depth-First Search,16,0.1391,19,19
16_090.,Depth-First Search,16,0.1818,25,25
16_091.,Depth-First Search,16,0.5239,71,69
16_092.,Depth-First Search,16,1.4179,167,155
16_093.,Depth-First Search,16,1.8536,212,177
16_094.,Depth-First Search,16,1.6682,165,141
16_095.,Depth-First Search,16,0.2287,19,19
16_096.,Depth-First Search,16,1.8575,216,199
16_097.,Depth-First Search,16,1.3174,169,165
16_098.,Depth-First Search,16,0.2159,28,27
16_099.,Depth-First Search,16,0.3801,51,51
16_100.,Depth-First Search,16,1.4225,179,165
32_001.,Depth-First Search,32,10.3501,282,229
32_002.,Depth-First Search,32,1.1142,41,41
32_003.,Depth-First Search,32,21.1231,730,651
32_004.,Depth-First Search,32,1.5870,61,61
32_005.,Depth-First Search,32,14.1525,352,313
32_006.,Depth-First Search,32,51.2495,825,343
32_007.,Depth-First Search,32,9.7532,247,197
32_008.,Depth-First Search,32,29.7604,725,627
32_009.,Depth-First Search,32,30.0863,787,617
32_010.,Depth-First Search,32,20.9462,674,569
32_011.,Depth-First Search,32,17.4943,425,379
32_012.,Depth-First Search,32,29.0624,859,747
32_013.,Depth-First Search,32,18.5620,585,523
32_014.,Depth-First Search,32,5.7634,211,201
32_015.,Depth-First Search,32,4.4856,168,163
32_016.,Depth-First Search,32,1.0634,41,41
32_017.,Depth-First Search,32,23.8800,794,673
32_018.,Depth-First Search,32,28.8431,742,391
32_019.,Depth-First Search,32,11.5213,400,359
32_020.,Depth-First Search,32,4.6858,166,159
32_021.,Depth-First Search,32,1.6948,65,65
32_022.,Depth-First Search,32,16.4683,565,497
32_023.,Depth-First Search,32,22.8486,781,687
32_024.,Depth-First Search,32,22.8562,726,665
32_025.,Depth-First Search,32,13.6696,409,355
32_026.,Depth-First Search,32,20.7981,653,595
32_027.,Depth-First Search,32,21.8796,600,431
32_028.,Depth-First Search,32,46.1601,884,233
32_029.,Depth-First Search,32,23.9880,761,685
32_030.,Depth-First Search,32,19.7371,606,543
32_031.,Depth-First Search,32,22.0310,692,639
32_032.,Depth-First Search,32,25.4247,793,679
32_033.,Depth-First Search,32,9.2669,336,321
32_034.,Depth-First Search,32,7.4404,266,245
32_035.,Depth-First Search,32,3.0646,103,99
32_036.,Depth-First Search,32,18.5556,605,533
32_037.,Depth-First Search,32,17.5600,560,527
32_038.,Depth-First Search,32,23.1845,766,701
32_039.,Depth-First Search,32,12.9725,408,355
32_040.,Depth-First Search,32,27.1752,842,653
32_041.,Depth-First Search,32,24.3671,645,587
32_042.,Depth-First Search,32,44.5037,901,295
32_043.,Depth-First Search,32,4.9581,152,137
32_044.,Depth-First Search,32,25.4330,781,667
32_045.,Depth-First Search,32,9.2917,333,317
32_046.,Depth-First Search,32,15.1389,383,211
32_047.,Depth-First Search,32,6.6124,243,237
32_048.,Depth-First Search,32,26.0734,791,709
32_049.,Depth-First Search,32,17.9323,557,451
32_050.,Depth-First Search,32,1.8772,69,69
32_051.,Depth-First Search,32,1.9436,61,61
32_052.,Depth-First Search,32,2.1477,70,69
32_053.,Depth-First Search,32,24.3635,814,713
32_054.,Depth-First Search,32,9.1818,316,291
32_055.,Depth-First Search,32,4.5672,171,165
32_056.,Depth-First Search,32,5.0173,185,181
32_057.,Depth-First Search,32,33.5697,822,547
32_058.,Depth-First Search,32,1.0885,35,35
32_059.,Depth-First Search,32,1.4602,41,41
32_060.,Depth-First Search,32,20.1615,639,541
32_061.,Depth-First Search,32,6.7451,243,225
32_062.,Depth-First Search,32,8.1210,272,245
32_063.,Depth-First Search,32,23.0593,737,591
32_064.,Depth-First Search,32,23.4281,793,697
32_065.,Depth-First Search,32,25.0111,814,739
32_066.,Depth-First Search,32,19.4853,585,507
32_067.,Depth-First Search,32,5.8748,208,195
32_068.,Depth-First Search,32,20.9503,660,589
32_069.,Depth-First Search,32,16.6928,576,529
32_070.,Depth-First Search,32,24.4407,767,643
32_071.,Depth-First Search,32,17.2485,569,507
32_072.,Depth-First Search,32,25.1726,788,665
32_073.,Depth-First Search,32,16.7409,496,407
32_074.,Depth-First Search,32,4.3528,161,155
32_075.,Depth-First Search,32,24.3951,814,733
32_076.,Depth-First Search,32,15.4435,474,363
32_077.,Depth-First Search,32,24.6443,807,719
32_078.,Depth-First Search,32,1.5775,61,61
32_079.,Depth-First Search,32,0.9159,35,35
32_080.,Depth-First Search,32,1.1538,45,45
32_081.,Depth-First Search,32,19.1270,580,519
32_082.,Depth-First Search,32,0.9055,33,33
32_083.,Depth-First Search,32,1.1288,43,43
32_084.,Depth-First Search,32,21.6839,704,641
32_085.,Depth-First Search,32,5.2806,154,153
32_086.,Depth-First Search,32,11.6805,361,337
32_087.,Depth-First Search,32,0.9021,33,33
32_088.,Depth-First Search,32,21.1426,706,637
32_089.,Depth-First Search,32,26.5010,854,783
32_090.,Depth-First Search,32,23.3983,699,613
32_091.,Depth-First Search,32,18.0757,576,481
32_092.,Depth-First Search,32,15.9446,558,525
32_093.,Depth-First Search,32,1.5312,58,57
32_094.,Depth-First Search,32,28.2702,852,727
32_095.,Depth-First Search,32,1.4687,54,53
32_096.,Depth-First Search,32,0.9617,37,37
32_097.,Depth-First Search,32,18.5102,565,517
32_098.,Depth-First Search,32,19.1985,620,561
32_099.,Depth-First Search,32,8.4954,275,265
32_100.,Depth-First Search,32,22.2266,691,595
64_001.,Depth-First Search,64,254.3504,2788,2547
64_002.,Depth-First Search,64,142.8344,1389,1233
64_003.,Depth-First Search,64,137.4370,1514,1419
64_004.,Depth-First Search,64,337.8121,3316,2935
64_005.,Depth-First Search,64,257.2242,2730,2501
64_006.,Depth-First Search,64,235.7961,2341,2115
64_007.,Depth-First Search,64,18.6061,233,231
64_008.,Depth-First Search,64,616.2142,3577,201
64_009.,Depth-First Search,64,179.0054,1717,1481
64_010.,Depth-First Search,64,206.2473,2307,2061
64_011.,Depth-First Search,64,313.9039,3178,2827
64_012.,Depth-First Search,64,98.4533,1100,1017
64_013.,Depth-First Search,64,119.8151,1306,1201
64_014.,Depth-First Search,64,305.6810,3215,2873
64_015.,Depth-First Search,64,226.7667,2317,1989
64_016.,Depth-First Search,64,264.7194,2664,2169
64_017.,Depth-First Search,64,5.9347,76,75
64_018.,Depth-First Search,64,246.3506,2715,2451
64_019.,Depth-First Search,64,297.1614,3123,2787
64_020.,Depth-First Search,64,182.5398,2039,1883
64_021.,Depth-First Search,64,308.6780,3236,2819
64_022.,Depth-First Search,64,176.1769,1760,1451
64_023.,Depth-First Search,64,321.9432,3365,3023
64_024.,Depth-First Search,64,68.1187,637,611
64_025.,Depth-First Search,64,265.8295,2751,2457
64_026.,Depth-First Search,64,40.0765,452,419
64_027.,Depth-First Search,64,5.8921,77,77
64_028.,Depth-First Search,64,186.3783,2076,1859
64_029.,Depth-First Search,64,160.1696,1651,1301
64_030.,Depth-First Search,64,38.9198,469,439
64_031.,Depth-First Search,64,7.4916,77,77
64_032.,Depth-First Search,64,138.7455,1548,1425
64_033.,Depth-First Search,64,232.9769,2486,2143
64_034.,Depth-First Search,64,9.5500,117,117
64_035.,Depth-First Search,64,121.4793,1410,1329
64_036.,Depth-First Search,64,306.5571,3308,2873
64_037.,Depth-First Search,64,237.4179,2544,2215
64_038.,Depth-First Search,64,167.5663,1861,1679
64_039.,Depth-First Search,64,258.4777,2704,2385
64_040.,Depth-First Search,64,198.4259,2161,1931
64_041.,Depth-First Search,64,36.8513,420,403
64_042.,Depth-First Search,64,271.6447,2718,2379
64_043.,Depth-First Search,64,80.5463,758,603
64_044.,Depth-First Search,64,5.5750,71,71
64_045.,Depth-First Search,64,6.1783,65,65
64_046.,Depth-First Search,64,201.6503,2146,1977
64_047.,Depth-First Search,64,57.1964,639,591
64_048.,Depth-First Search,64,264.0286,2847,2521
64_049.,Depth-First Search,64,110.0815,1159,1025
64_050.,Depth-First Search,64,290.6971,3197,2869
64_051.,Depth-First Search,64,65.3378,758,723
64_052.,Depth-First Search,64,30.9787,370,359
64_053.,Depth-First Search,64,237.6857,2527,2161
64_054.,Depth-First Search,64,289.1826,2876,2459
64_055.,Depth-First Search,64,186.5964,1912,1715
64_056.,Depth-First Search,64,25.5298,258,243
64_057.,Depth-First Search,64,350.3897,3302,2795
64_058.,Depth-First Search,64,309.7934,3107,2781
64_059.,Depth-First Search,64,16.5017,196,193
64_060.,Depth-First Search,64,8.3000,103,103
64_061.,Depth-First Search,64,245.1883,2533,2283
64_062.,Depth-First Search,64,154.7471,1637,1463
64_063.,Depth-First Search,64,240.0667,2566,2333
64_064.,Depth-First Search,64,263.7238,2823,2473
64_065.,Depth-First Search,64,233.7656,2041,1585
64_066.,Depth-First Search,64,48.2428,533,515
64_067.,Depth-First Search,64,261.1168,2697,2493
64_068.,Depth-First Search,64,85.9711,930,873
64_069.,Depth-First Search,64,227.5757,2476,2177
64_070.,Depth-First Search,64,112.6987,1171,1045
64_071.,Depth-First Search,64,309.8447,3201,2873
64_072.,Depth-First Search,64,258.3630,2803,2483
64_073.,Depth-First Search,64,69.0285,729,663
64_074.,Depth-First Search,64,209.1443,2211,1931
64_075.,Depth-First Search,64,301.5992,3272,2893
64_076.,Depth-First Search,64,318.5467,3277,2983
64_077.,Depth-First Search,64,218.2815,2240,1967
64_078.,Depth-First Search,64,5.1616,67,67
64_079.,Depth-First Search,64,18.7564,218,209
64_080.,Depth-First Search,64,311.8083,3247,2765
64_081.,Depth-First Search,64,20.1622,247,239
64_082.,Depth-First Search,64,7.2666,86,85
64_083.,Depth-First Search,64,149.7913,1627,1525
64_084.,Depth-First Search,64,268.6340,2799,2517
64_085.,Depth-First Search,64,311.7532,3232,2867
64_086.,Depth-First Search,64,158.0318,1596,1471
64_087.,Depth-First Search,64,550.7808,3537,639
64_088.,Depth-First Search,64,107.6781,1171,1049
64_089.,Depth-First Search,64,293.0682,3126,2807
64_090.,Depth-First Search,64,292.0654,3069,2737
64_091.,Depth-First Search,64,155.6614,1645,1511
64_092.,Depth-First Search,64,311.6736,2999,2339
64_093.,Depth-First Search,64,265.6521,2921,2641
64_094.,Depth-First Search,64,310.7714,3189,2867
64_095.,Depth-First Search,64,284.6081,3208,2937
64_096.,Depth-First Search,64,14.7668,125,125
64_097.,Depth-First Search,64,188.9303,1849,1607
64_098.,Depth-First Search,64,291.4574,3115,2797
64_099.,Depth-First Search,64,217.2744,2343,2143
64_100.,Depth-First Search,64,38.1247,403,371
